{"cameraMode":{"drawMode":0,"name":"Shaded","section":"Shading Mode"},"sceneLighting":true,"audioPlay":false,"sceneViewState":{"showFog":true,"showMaterialUpdate":false,"showSkybox":true,"showFlares":true,"showImageEffects":true,"showParticleSystems":true},"in2DMode":false,"pivot":{"x":50.32210159301758,"y":9.906478881835938,"z":50.94624710083008},"rotation":{"x":0.24058592319488526,"y":0.36445435881614687,"z":-0.09804929047822952,"w":0.8942469954490662},"size":85.93220520019531,"orthographic":false}