{"cameraMode":{"drawMode":0,"name":"Shaded","section":"Shading Mode"},"sceneLighting":true,"audioPlay":false,"sceneViewState":{"showFog":true,"showMaterialUpdate":false,"showSkybox":true,"showFlares":true,"showImageEffects":true,"showParticleSystems":true},"in2DMode":false,"pivot":{"x":-7.036277770996094,"y":44.35685348510742,"z":-17.825651168823243},"rotation":{"x":0.017132766544818879,"y":-0.982483983039856,"z":0.14428392052650453,"w":0.11667878180742264},"size":34.85914993286133,"orthographic":false}